meta_description,city_name,neighbourhoods,is_active,province,meta_title,local_paragraph,h1_heading,phone_number,province_full,slug,id,created_date,updated_date,created_by_id,created_by,is_sample
"Looking for small & hourly movers in Saskatoon? Pay by the hour with no hidden fees. Local movers serving Saskatoon and surrounding neighbourhoods. Call (639) 638-8439.","Saskatoon","Nutana, Stonebridge, Evergreen, Holliston, Silverspring, Hampton Village, Willowgrove, Arbor Creek","true","SK","Saskatoon Small & Hourly Movers Near Me | Affordable Moving Services","Whether you're moving between Nutana, Stonebridge, or Evergreen, our Saskatoon movers handle small loads and apartment moves without the big-truck price tag. From condo moves along the South Saskatchewan River to local furniture deliveries across the city, we keep it simple and affordable.","Saskatoon Small & Hourly Movers Near Me","(639) 638-8439","Saskatchewan","saskatoon","69c1b4403f3f98a18338a70c","2026-03-23T21:44:32.747000","2026-03-23T21:44:32.747000","698695f1c74216ef773f0181","jordan@chasethevibe.ca","false"
"Small & hourly moving services in Swift Current, Saskatchewan. Pay by the hour, no truck minimums. Reliable local movers for apartments and small loads. Call (639) 638-8439.","Swift Current","Riverview, Elmview, Northwest, Kinetic Park, South Hill, Central","true","SK","Small & Hourly Movers in Swift Current, SK | Affordable Moving","Swift Current's compact city layout makes hourly moving a smart choice — most moves across town take just a couple of hours. Whether you're moving within the Riverview area, across to the north end, or need help with a furniture delivery, we've got you covered.","Small & Hourly Movers in Swift Current, SK","(639) 638-8439","Saskatchewan","swift-current","69c1b4403f3f98a18338a710","2026-03-23T21:44:32.747000","2026-03-23T21:44:32.747000","698695f1c74216ef773f0181","jordan@chasethevibe.ca","false"
"Small & hourly movers in Prince Albert, SK. Pay by the hour with no hidden fees. Local moving help for apartments, condos, and small loads. Call (639) 638-8439.","Prince Albert","River Heights, Carlton Park, Midtown, West Flat, East Hill, Nordale","true","SK","Prince Albert Small & Hourly Movers Near Me | Affordable Moving","Prince Albert's mix of riverfront homes, older neighbourhoods, and newer subdivisions means every move is different. Our hourly movers make quick work of small loads and local moves across PA — whether you're heading across town or just need a hand with furniture.","Prince Albert Small & Hourly Movers Near Me","(639) 638-8439","Saskatchewan","prince-albert","69c1b4403f3f98a18338a70e","2026-03-23T21:44:32.747000","2026-03-23T21:44:32.747000","698695f1c74216ef773f0181","jordan@chasethevibe.ca","false"
"Affordable hourly movers in Regina, Saskatchewan. No truck minimums, pay only for what you need. Serving Wascana, Harbour Landing, and all Regina neighbourhoods. Call (639) 638-8439.","Regina","Harbour Landing, Wascana, Cathedral, Lakeview, Glencairn, Normanview, Greens on Gardiner, Eastview","true","SK","Small & Hourly Movers in Regina, SK | Affordable Moving Services","From Harbour Landing condos to Wascana Centre apartments, Regina moves come in all shapes and sizes. Our hourly movers handle everything from single-bedroom suites to small office relocations across the Queen City — fast, affordable, and with no surprise charges.","Small & Hourly Movers in Regina, Saskatchewan","(639) 638-8439","Saskatchewan","regina","69c1b4403f3f98a18338a70d","2026-03-23T21:44:32.747000","2026-03-23T21:44:32.747000","698695f1c74216ef773f0181","jordan@chasethevibe.ca","false"
"Affordable small & hourly movers in Moose Jaw, Saskatchewan. Pay by the hour, no minimums. Helping with apartments, furniture moves, and small loads. Call (639) 638-8439.","Moose Jaw","Crescent Park, River Heights, Palliser, Westmount, Northwest, Southeast","true","SK","Small & Hourly Movers in Moose Jaw, SK | Affordable Moving Services","From Heritage neighbourhoods near Crescent Park to newer areas on the west side, Moose Jaw moves don't need to cost a fortune. Our movers work by the hour so you only pay for the time you need — perfect for apartments, single-item deliveries, and local moves.","Small & Hourly Movers in Moose Jaw, SK","(639) 638-8439","Saskatchewan","moose-jaw","69c1b4403f3f98a18338a70f","2026-03-23T21:44:32.747000","2026-03-23T21:44:32.747000","698695f1c74216ef773f0181","jordan@chasethevibe.ca","false"
"Affordable hourly movers in Pickering, Ontario. Pay only for the time you need. Condo, apartment & small home moves starting at $85/hr. Call (289) 800-2197.","Pickering","Bay Ridges, Duffins Heights, Rosebank, Liverpool, Amberlea, Dunbarton","true","ON","Small & Hourly Movers in Pickering, ON | Local Moving Help","Pickering is a growing community along Lake Ontario's north shore, with everything from waterfront condos in Bay Ridges to newer subdivisions in Duffins Heights. Our small moving crews know how to navigate Pickering's mix of older townhomes and newer builds efficiently. Whether you're moving near Pickering Town Centre or crossing into Ajax or Durham Region, we keep the clock honest and the process simple.","Small & Hourly Movers in Pickering","(289) 800-2197","Ontario","pickering","69b868dfa13b4bd3103051a0","2026-03-16T20:32:31.655000","2026-03-16T20:32:31.655000","698695f1c74216ef773f0181","jordan@chasethevibe.ca","false"
"Local hourly movers serving Chatham-Kent, Ontario. Small moves, apartment & home relocations starting at $85/hr. Transparent pricing. Call (289) 800-2197.","Chatham-Kent","Chatham, Wallaceburg, Blenheim, Tilbury, Ridgetown, Wheatley","true","ON","Chatham-Kent Small Movers Near Me | Hourly Moving Help ON","Chatham-Kent is a sprawling municipality covering everything from the city of Chatham to smaller communities like Wallaceburg, Blenheim, and Tilbury. Our small moving crews travel throughout the region and are well-suited for the kind of residential moves common in this area — houses, apartments, and smaller loads that don't need a full 53-foot truck. We charge by the hour so you only pay for what you actually need.","Chatham-Kent Small & Hourly Movers Near Me","(289) 800-2197","Ontario","chatham-kent","69b868dfa13b4bd3103051a3","2026-03-16T20:32:31.655000","2026-03-16T20:32:31.655000","698695f1c74216ef773f0181","jordan@chasethevibe.ca","false"
"Local hourly movers in Niagara Falls, Ontario. Small moves, condo & apartment relocations starting at $85/hr. No hidden fees. Call (289) 800-2197 today.","Niagara Falls","Stamford, Chippawa, Drummond, Niagara South, Cherrywood Acres, Shriner's Creek","true","ON","Niagara Falls Small Movers Near Me | Hourly Moving Services ON","Niagara Falls is a city of contrasts — tourist corridors on one side and tight-knit residential neighbourhoods like Stamford and Chippawa on the other. Our movers are familiar with the region's streets, whether you're moving out of a Clifton Hill-area rental or relocating within a quiet neighbourhood off Mountain Road. We serve Niagara Falls and the surrounding Niagara Region with honest hourly rates and no surprise fees.","Niagara Falls Small & Hourly Movers Near Me","(289) 800-2197","Ontario","niagara-falls","69b868dfa13b4bd3103051a1","2026-03-16T20:32:31.655000","2026-03-16T20:32:31.655000","698695f1c74216ef773f0181","jordan@chasethevibe.ca","false"
"Affordable hourly movers in Peterborough, Ontario. Apartment, condo & small home moves from $85/hr. No hidden fees. Same-day available. Call (289) 800-2197.","Peterborough","Downtown, Ashburnham, East City, Monaghan, Trent University area, South End","true","ON","Small & Hourly Movers in Peterborough, ON | Local Moving Help","Peterborough is a mid-sized city with a strong student population thanks to Trent University, which means a steady demand for affordable, flexible moving help. From downtown apartments near Hunter Street to quieter neighbourhoods in the East End and Ashburnham, our hourly movers handle it all without the big-company pricing. Whether you're moving in for the school year or relocating within the city, we keep it simple and affordable.","Small & Hourly Movers in Peterborough","(289) 800-2197","Ontario","peterborough","69b868dfa13b4bd3103051a4","2026-03-16T20:32:31.655000","2026-03-16T20:32:31.655000","698695f1c74216ef773f0181","jordan@chasethevibe.ca","false"
"Affordable small and hourly movers in Sarnia, Ontario. Apartment, condo & small home moves from $85/hr. Honest pricing, no hidden fees. Call (289) 800-2197.","Sarnia","Brights Grove, Canatara, Lakeshore, downtown Sarnia, London Road, Point Edward","true","ON","Small & Hourly Movers in Sarnia, ON | Affordable Local Movers","Sarnia sits at the southern tip of Lake Huron and is known for its mix of waterfront properties, downtown rentals, and residential neighbourhoods like Brights Grove and Canatara. Our hourly moving teams are sized for smaller loads — perfect for the kind of apartment and condo moves that are common in Sarnia's urban core. Skip the flat-rate truck companies and pay only for the hours you actually use.","Small & Hourly Movers in Sarnia","(289) 800-2197","Ontario","sarnia","69b868dfa13b4bd3103051a2","2026-03-16T20:32:31.655000","2026-03-16T20:32:31.655000","698695f1c74216ef773f0181","jordan@chasethevibe.ca","false"
"Affordable small movers in Ajax, ON. $85/hr for 1 mover, $140/hr for 2. Furniture moves, condo & apartment relocations, same-day available. Call (289) 800-2197.","Ajax","Central Ajax, South Ajax, Pickering Village, Riverside, Westney Heights, Northwest Ajax","true","ON","Small Movers Ajax ON | Hourly Moving Services | Small Movers Canada","Ajax is a thriving Durham Region community with a growing number of townhomes, detached houses, and lakeside condos. Whether you're moving between neighbourhoods in Ajax or heading cross-town along Kingston Road, our small moving teams offer fast, hourly-rate service without the cost of a full moving truck.","Ajax Small & Hourly Movers Near Me","(289) 800-2197","Ontario","ajax","69a78d0c063bb995248db737","2026-03-04T01:38:20.278000","2026-03-04T01:38:20.278000","698695f1c74216ef773f0181","jordan@chasethevibe.ca","false"
"Affordable small movers in Cambridge, ON. Hourly rates from $85/hr. Furniture moves, apartment & condo relocations, same-day available. Call (289) 800-2197.","Cambridge","Galt, Preston, Hespeler, Westway, Elgin Street, Northview, Blair","true","ON","Small Movers Cambridge ON | Hourly Moving Services | Mini Moves","Cambridge sits at the junction of Galt, Preston, and Hespeler — three distinct communities with their own neighbourhoods, street layouts, and housing styles. Whether you're moving a few pieces of furniture across Galt's heritage streets or relocating an apartment near the Grand River, our hourly movers handle it quickly and affordably. No full-truck minimums, just fair hourly rates.","Small & Hourly Movers in Cambridge","(289) 800-2197","Ontario","cambridge","69a78d0c063bb995248db734","2026-03-04T01:38:20.278000","2026-03-07T01:25:34.612000","698695f1c74216ef773f0181","jordan@chasethevibe.ca","false"
"Affordable small movers in East York, ON. $85/hr for 1 mover, $140/hr for 2. Apartment moves, furniture delivery & small loads. Call (289) 800-2197.","East York","Danforth Village, Pape Village, Woodbine Heights, Crescent Town, Leaside border, O'Connor Hills","true","ON","Small Movers East York ON | Hourly Moving Services | Small Movers Canada","East York is one of Toronto's most established inner-city communities, packed with semi-detached homes, basement apartments, and mid-rise buildings along Danforth and Pape. Our small moving teams are experienced navigating narrow driveways, front porch steps, and tight staircases — the everyday realities of moving in East York. Pay only for the hours you need.","East York Small & Hourly Movers Near Me","(289) 800-2197","Ontario","east-york","69a78d0c063bb995248db735","2026-03-04T01:38:20.278000","2026-03-04T01:38:20.278000","698695f1c74216ef773f0181","jordan@chasethevibe.ca","false"
"Affordable small movers in Brantford, ON. Hourly rates from $85/hr. Furniture moves, apartment relocations & small loads. Call (289) 800-2197.","Brantford","Downtown Brantford, Eagle Place, West Brant, Holmedale, Henderson Survey, Elgin Street, Greenbrier","true","ON","Small Movers Brantford ON | Hourly Moving Services | Small Movers Canada","Brantford is a mid-sized city with a growing mix of new subdivisions, heritage homes downtown, and student rentals near Wilfrid Laurier's Brantford campus. Our hourly movers cover the whole city — from Eagle Place to West Brant — giving you a flexible, affordable option whether you're moving a single item or a small apartment.","Small & Hourly Movers in Brantford","(289) 800-2197","Ontario","brantford","69a78d0c063bb995248db736","2026-03-04T01:38:20.278000","2026-03-04T01:38:20.278000","698695f1c74216ef773f0181","jordan@chasethevibe.ca","false"
"Affordable small movers in Milton, ON. Hourly rates from $85/hr. Furniture moves, condo & apartment relocations, same-day available. Call (289) 800-2197.","Milton","Bronte Meadows, Timberlea, Beaty, Coates, Clarke, Harrison, Scott, Hawthorne Village","true","ON","Small Movers Milton ON | Hourly Moving Services | Small Movers Canada","Milton is one of Canada's fastest-growing communities, with new townhomes, semis, and condo developments expanding rapidly near the 401 corridor and Derry Road. Our small moving teams are experienced with tight driveways, new-build neighbourhoods, and quick cross-town moves in Milton's growing grid. Pay by the hour — no wasted truck space.","Small & Hourly Movers in Milton","(289) 800-2197","Ontario","milton","69a47d9250d9f9a689a44823","2026-03-01T17:55:30.329000","2026-03-01T17:55:30.329000","698695f1c74216ef773f0181","jordan@chasethevibe.ca","false"
"Affordable small movers in St. Catharines, ON. $85/hr for 1 mover, $140/hr for 2. Furniture moves, apartment & student relocations. Call (289) 800-2197.","St. Catharines","Downtown St. Catharines, Merritton, Port Dalhousie, Grantham, Facer, Fitzgerald, Lakeshore","true","ON","Small Movers St. Catharines ON | Hourly Moving | Small Movers Canada","St. Catharines is the heart of the Niagara Region, with a mix of student rentals near Brock University, established residential neighbourhoods, and waterfront condos. Our hourly movers handle everything from single-item furniture moves to full apartment relocations across the city — without the full-truck markup.","St. Catharines Small & Hourly Movers Near Me","(289) 800-2197","Ontario","st-catharines","69a47d9250d9f9a689a44824","2026-03-01T17:55:30.329000","2026-03-01T17:55:30.329000","698695f1c74216ef773f0181","jordan@chasethevibe.ca","false"
"Affordable small movers in Thunder Bay, ON. $85/hr for 1 mover, $140/hr for 2. Furniture moves, apartment relocations & small loads. Call (289) 800-2197.","Thunder Bay","Fort William, Port Arthur, Westfort, Current River, Intercity, Northwood, Neebing","true","ON","Small Movers Thunder Bay ON | Hourly Moving Services | Small Movers Canada","Thunder Bay spans two historic cores — Fort William and Port Arthur — with a diverse mix of bungalows, apartments, and student housing near Lakehead University. Our small moving teams cover the whole city, from Current River to the Intercity area, giving you affordable hourly moving without paying for a full truck you don't need.","Thunder Bay Small & Hourly Movers Near Me","(289) 800-2197","Ontario","thunder-bay","69a47d9250d9f9a689a44826","2026-03-01T17:55:30.329000","2026-03-01T17:55:30.329000","698695f1c74216ef773f0181","jordan@chasethevibe.ca","false"
"Affordable small movers in Kingston, ON. Hourly rates from $85/hr. Student moves, furniture delivery, small loads & apartment relocations. Call (289) 800-2197.","Kingston","Downtown Kingston, Sydenham, Cataraqui, Williamsville, Calvin Park, Portsmouth, Pittsburgh","true","ON","Small Movers Kingston ON | Hourly Moving Services | Small Movers Canada","Kingston is a vibrant university city where move-in and move-out season is a way of life. From Queen's University student apartments to heritage homes in Sydenham and new builds in Cataraqui, our small moving teams handle local Kingston moves efficiently and affordably — billed by the hour, not by the truckload.","Small & Hourly Movers in Kingston","(289) 800-2197","Ontario","kingston","69a47d9250d9f9a689a44825","2026-03-01T17:55:30.329000","2026-03-01T17:55:30.329000","698695f1c74216ef773f0181","jordan@chasethevibe.ca","false"
"Affordable small movers in Nepean, ON. Hourly rates starting at $85/hr. Furniture moves, condo moves, small loads & same-day service. Call (289) 800-2197.","Nepean","Barrhaven, Bells Corners, Centrepointe, Merivale, Craig Henry, Nepean Town Centre","true","ON","Small Movers Nepean ON | Hourly Moving Services | Small Movers Canada","Nepean is one of Ottawa's most established communities, with a mix of family homes, townhouses, and growing condo developments. Whether you're moving within Barrhaven, Bells Corners, or Centrepointe, our small moving teams handle local moves efficiently without the full-truck price tag. We know the neighbourhoods and the routes.","Small & Hourly Movers in Nepean","(289) 800-2197","Ontario","nepean","69a205eda1d2bbfb07071bb9","2026-02-27T21:00:29.750000","2026-02-27T21:00:29.750000","698695f1c74216ef773f0181","jordan@chasethevibe.ca","false"
"Affordable small movers in Greater Sudbury, ON. $85/hr for 1 mover, $140/hr for 2. Furniture moves, apartment moves & same-day service. Call (289) 800-2197.","Greater Sudbury","Downtown Sudbury, New Sudbury, Hanmer, Val Caron, Capreol, Lively, Chelmsford","true","ON","Small Movers Greater Sudbury ON | Hourly Moving | Small Movers Canada","Greater Sudbury spans a vast area with distinct communities from Downtown to Hanmer, Capreol, and Val Caron. Our small moving teams are equipped for Sudbury's varied housing stock — from older bungalows to newer apartment builds near New Sudbury Centre. Pay by the hour and only use the time you need.","Greater Sudbury Small & Hourly Movers Near Me","(289) 800-2197","Ontario","greater-sudbury","69a205eda1d2bbfb07071bba","2026-02-27T21:00:29.750000","2026-02-27T21:00:29.750000","698695f1c74216ef773f0181","jordan@chasethevibe.ca","false"
"Affordable small movers in Barrie, ON. Hourly rates starting at $85/hr. Condo moves, furniture delivery, small loads & same-day available. Call (289) 800-2197.","Barrie","Downtown Barrie, Allandale, Painswick, Holly, Ardagh Bluffs, South End, Bayfield Street","true","ON","Small Movers Barrie ON | Hourly Moving Services | Small Movers Canada","Barrie is one of Ontario's fastest-growing cities, with new condo towers along the waterfront and established neighbourhoods spreading toward Innisfil and Springwater. Our small moving teams handle local Barrie moves efficiently — from single-item deliveries to full condo or apartment relocations, all billed by the hour.","Small & Hourly Movers in Barrie","(289) 800-2197","Ontario","barrie","69a205eda1d2bbfb07071bbb","2026-02-27T21:00:29.750000","2026-02-27T21:00:29.750000","698695f1c74216ef773f0181","jordan@chasethevibe.ca","false"
"Affordable small movers in Guelph, ON. $85/hr for 1 mover, $140/hr for 2. Furniture moves, student moves, apartment relocations. Call (289) 800-2197.","Guelph","Downtown Guelph, University Area, Kortright West, Stone Road, Pineridge, Clairfields, Exhibition Park","true","ON","Small Movers Guelph ON | Hourly Moving Services | Small Movers Canada","Guelph is a vibrant university city with a growing downtown core and a steady stream of student and young professional moves. From the University of Guelph area to Stone Road, Kortright West, and the Old Quebec Street district, our hourly movers handle small loads, furniture moves, and apartment relocations without the big-company price tag.","Guelph Small & Hourly Movers Near Me","(289) 800-2197","Ontario","guelph","69a205eda1d2bbfb07071bbc","2026-02-27T21:00:29.750000","2026-02-27T21:00:29.750000","698695f1c74216ef773f0181","jordan@chasethevibe.ca","false"
"Small movers in Burlington, ON offering hourly rates. Perfect for apartments, condos & small loads in Alton, Brant Hills & downtown. Call (289) 800-2197.","Burlington","Downtown Burlington, Alton, Brant Hills, Tyandaga, Millcroft, Shoreacres, Headon Forest","true","ON","Burlington Small & Hourly Movers Near Me","Burlington sits between Hamilton and Oakville along Lake Ontario, with a lively downtown waterfront, mid-rise condos near the GO station, and family neighbourhoods in Alton and Tyandaga. Our small moving teams serve the full Burlington area — from lakefront condo buildings with freight elevator access to the suburban streets of Brant Hills and Millcroft. We keep moves in Burlington fast and affordable.","Small & Hourly Movers in Burlington","(289) 800-2197","Ontario","burlington","699e01cbcb2fde5a5477fb47","2026-02-24T19:53:47.673000","2026-02-24T19:56:47.192000","698695f1c74216ef773f0181","jordan@chasethevibe.ca","false"
"Need small movers in Etobicoke, ON? Hourly moving help for condos, apartments & small loads. No full-truck minimums. Call (289) 800-2197 for a free quote.","Etobicoke","Mimico, The Kingsway, Islington, Long Branch, Rexdale, Richview, Humber Bay","true","ON","Etobicoke Small & Hourly Movers Near Me","Etobicoke stretches from the Humber River to the city's western edge, offering a mix of lakeside condos in Mimico, mid-rise apartments along Bloor Street, and detached homes in neighbourhoods like The Kingsway and Islington. Our small moving teams are well-versed in Etobicoke's varied building types — from heritage houses with narrow driveways to modern condo towers with elevator booking requirements near the waterfront.","Etobicoke Small & Hourly Movers Near Me","(289) 800-2197","Ontario","etobicoke","699e01cbcb2fde5a5477fb44","2026-02-24T19:53:47.673000","2026-02-24T19:56:22.031000","698695f1c74216ef773f0181","jordan@chasethevibe.ca","false"
"Need small movers in Richmond Hill, ON? Hourly moving services for condos, townhomes & small loads in Oak Ridges, Langstaff & more. Call (289) 800-2197.","Richmond Hill","Oak Ridges, Langstaff, Mill Pond, Westbrook, Jefferson, Richvale, Crosby","true","ON","Small & Hourly Movers Richmond Hill","Richmond Hill is a diverse York Region city with high-density condo developments near Yonge Street and the future subway extension, as well as established family neighbourhoods in Oak Ridges and Mill Pond. Our small moving teams handle the full range of Richmond Hill moves — from busy condo towers along Highway 7 with strict elevator booking windows to quiet residential streets further north near the Oak Ridges Moraine.","Richmond Hill Small & Hourly Movers Near Me","(289) 800-2197","Ontario","richmond-hill","699e01cbcb2fde5a5477fb48","2026-02-24T19:53:47.673000","2026-02-24T19:57:12.073000","698695f1c74216ef773f0181","jordan@chasethevibe.ca","false"
"Affordable small movers in Oakville, ON. Hourly rates for apartments, condos & single-item moves in Old Oakville, Glen Abbey & more. Call (289) 800-2197.","Oakville","Old Oakville, Glen Abbey, River Oaks, Bronte, Uptown Core, Palermo, Joshua Creek","true","ON","Oakville Small & Hourly Movers Near Me","Oakville blends charming heritage streets in Old Oakville with modern high-rises and executive townhomes near the GO station. Whether you're moving a few pieces of furniture from a lakeside condo or relocating between homes in Glen Abbey or River Oaks, our small moving teams make it simple. We handle everything from tight Victorian-era laneways downtown to wide suburban cul-de-sacs in North Oakville.","Oakville Small & Hourly Movers Near Me","(289) 800-2197","Ontario","oakville","699e01cbcb2fde5a5477fb46","2026-02-24T19:53:47.673000","2026-02-24T19:56:13.091000","698695f1c74216ef773f0181","jordan@chasethevibe.ca","false"
"Small movers in Vaughan, ON with hourly rates. Perfect for condos, townhomes & small loads in Woodbridge, Maple & Thornhill. Call (289) 800-2197.","Vaughan","Woodbridge, Maple, Thornhill, Kleinburg, Concord, Vaughan Metropolitan Centre, Nashville","true","ON","Vaughan Small & Hourly Movers Near Me","Vaughan is one of the GTA's fastest-growing cities, with sprawling townhome communities in Woodbridge, new condos near the VMC subway station, and established neighbourhoods in Maple and Thornhill. Our small moving teams know Vaughan well — from navigating the gated communities off Highway 400 to handling elevator moves in the rapidly developing Vaughan Metropolitan Centre.","Small & Hourly Movers in Vaughan","(289) 800-2197","Ontario","vaughan","699e01cbcb2fde5a5477fb45","2026-02-24T19:53:47.673000","2026-02-24T19:56:37.589000","698695f1c74216ef773f0181","jordan@chasethevibe.ca","false"
"Looking for small movers in Windsor, ON? Hourly moving services for apartments and small loads. No full-truck minimums. Call (289) 800-2197.","Windsor","Walkerville, South Windsor, East Windsor, Riverside, Sandwich, Ford City, University District","true","ON","Small & Hourly Movers Windsor","Windsor sits at the tip of southwestern Ontario, right across from Detroit, with a mix of older brick homes in Walkerville, riverside condos downtown, and suburban neighbourhoods in South Windsor and East Windsor. Our small moving teams know this city's unique layout — from the narrow streets near the waterfront to the wide suburban avenues further out. We make Windsor moves simple and affordable.","Small & Hourly Movers in Windsor","(289) 800-2197","Ontario","windsor","6999e9dd52dd2b3e6bada9a2","2026-02-21T17:22:37.530000","2026-02-24T19:57:45.993000","698695f1c74216ef773f0181","jordan@chasethevibe.ca","false"
"Looking for small movers in Markham, ON? We offer hourly moving services for apartments, condos, and small loads. Call (289) 800-2197 for a free quote.","Markham","Unionville, Cornell, Cathedraltown, Greensborough, Markham Village, Thornhill, Milliken Mills","true","ON","Markham Small & Hourly Movers | Affordable Moving Services","Markham is one of the GTA's fastest-growing cities, with high-rise condos in Unionville and family townhomes near Cornell and Cathedraltown. Whether you're moving between units in a Markham condo tower or relocating from a townhouse to a bungalow, our small moving teams handle it efficiently. We know the area well — from the tight loading docks near Highway 7 to the residential side streets in Greensborough.","Small & Hourly Movers in Markham","(289) 800-2197","Ontario","markham","6999e9dd52dd2b3e6bada99d","2026-02-21T17:22:37.530000","2026-02-21T17:22:37.530000","698695f1c74216ef773f0181","jordan@chasethevibe.ca","false"
"Affordable small movers in Scarborough, ON. Hourly rates for condos, apartments, and small loads. No hidden fees. Call (289) 800-2197 today.","Scarborough","Scarborough Town Centre, West Hill, Guildwood, Morningside, Agincourt, Malvern, Wexford","true","ON","Scarborough Small & Hourly Movers Near Me | Budget-Friendly","Scarborough is one of Toronto's most diverse and dynamic districts, with everything from high-rise towers in Scarborough Town Centre to detached homes in West Hill and Guildwood. Our small movers know the area well — from navigating the apartment complexes along Kingston Road to handling moves in quiet residential pockets near Morningside and Port Union.","Scarborough Small & Hourly Movers Near Me","(289) 800-2197","Ontario","scarborough","6999e9dd52dd2b3e6bada9a0","2026-02-21T17:22:37.530000","2026-02-21T17:22:37.530000","698695f1c74216ef773f0181","jordan@chasethevibe.ca","false"
"Small movers in Kitchener, ON offering hourly rates for apartments, condos, and small loads. Same-day available. Call (289) 800-2197 for a free quote.","Kitchener","Downtown Kitchener, Doon, Idlewood, Rockway, Pioneer Park, Stanley Park, Forest Heights","true","ON","Kitchener & Waterloo Small & Hourly Movers | Local Moving Help","Kitchener's growing downtown core and expanding suburbs mean plenty of moves happening year-round. From modern apartments near the LRT corridor to family homes in Doon and Idlewood, our small moving teams handle it all. We're familiar with the Kitchener-Waterloo area and can navigate the city's mix of new builds and established neighbourhoods efficiently.","Small & Hourly Movers in Kitchener & Waterloo","(289) 800-2197","Ontario","kitchener","6999e9dd52dd2b3e6bada99f","2026-02-21T17:22:37.530000","2026-03-04T01:36:03.283000","698695f1c74216ef773f0181","jordan@chasethevibe.ca","false"
"Need small movers in North York, ON? Hourly moving help for apartments, condos, and single-item moves. No full-truck minimums. Call (289) 800-2197.","North York","Willowdale, Don Mills, Lawrence Park, Bathurst Manor, Bayview Village, York Mills, Downsview","true","ON","North York Small & Hourly Movers Near Me | Affordable Rates","North York is a dense urban district packed with high-rise apartments, condos, and townhomes along Yonge Street and Sheppard Avenue. Our small moving teams are experienced with elevator bookings, parking restrictions, and tight building access — everything that makes moving in North York uniquely challenging. We serve neighbourhoods from Willowdale to Don Mills and beyond.","North York Small & Hourly Movers Near Me","(289) 800-2197","Ontario","north-york","6999e9dd52dd2b3e6bada99e","2026-02-21T17:22:37.530000","2026-02-21T17:22:37.530000","698695f1c74216ef773f0181","jordan@chasethevibe.ca","false"
"Small movers in Oshawa, ON with hourly rates. Perfect for apartments, condos, and small loads. Same-day available. Call (289) 800-2197 for a free quote.","Oshawa","Downtown Oshawa, Pinecrest, Eastdale, Centennial, Samac, Kedron, McLaughlin","true","ON","Oshawa Small & Hourly Movers | Affordable Moving Services","Oshawa is the heart of Durham Region, with a mix of downtown rental apartments, suburban homes in Pinecrest and Eastdale, and newer developments near the 407. Our small moving teams serve the whole Oshawa area and understand the distance dynamics between Durham Region and the rest of the GTA. Whether it's a single-bedroom move downtown or a furniture run across town, we've got you covered.","Small & Hourly Movers in Oshawa","(289) 800-2197","Ontario","oshawa","6999e9dd52dd2b3e6bada9a1","2026-02-21T17:22:37.530000","2026-02-21T17:22:37.530000","698695f1c74216ef773f0181","jordan@chasethevibe.ca","false"
"Affordable hourly moving services for apartments and condos in Hamilton. Whether it's a small load or a full apartment, we provide reliable and careful moving solutions.","Hamilton","Downtown Hamilton, Westdale, Stoney Creek, Ancaster, Dundas, Binbrook, Crown Point, Gibson","true","ON","Hamilton Apartment & Condo Movers | Hourly & Small Movers","For apartment and condo dwellers in Hamilton, our small moving services offer both convenience and value. We cover the full city — from downtown high-rises near James Street to mountain-side residences in Ancaster and Dundas — making your move effortless no matter the terrain.","Hamilton Small & Hourly Movers Near Me","(289) 800-2197","Ontario","hamilton","6996593c621530eb2807bf88","2026-02-19T00:28:44.305000","2026-02-19T00:49:34.531000","698695f1c74216ef773f0181","jordan@chasethevibe.ca","false"
"Need movers for your Brampton condo or apartment? We offer hourly rates and small move solutions for a stress-free experience. Get your free quote today!","Brampton","Bramalea, Heart Lake, Sandringham-Wellington, Downtown Brampton, Credit Valley, Vales of Castlemore, Mount Pleasant","true","ON","Small & Hourly Movers Brampton | Condo Movers","Our Brampton moving team specializes in apartment and condo relocations throughout the city. Whether you're moving within a Bramalea high-rise or relocating from one side of Downtown Brampton to another, we handle the heavy lifting so you don't have to.","Brampton Small & Hourly Movers Near Me","(289) 800-2197","Ontario","brampton","6996593c621530eb2807bf86","2026-02-19T00:28:44.305000","2026-02-19T00:50:31.883000","698695f1c74216ef773f0181","jordan@chasethevibe.ca","false"
"Looking for apartment or condo movers in London, Ontario? We offer flexible, hourly moving services for small to medium loads. Get a fast, free quote!","London","Downtown London, Old North, Wortley Village, Hyde Park, Masonville, White Oaks, Argyle, Lambeth","true","ON","London ON Apartment & Condo Movers | Small Moving","Our small moving team in London, Ontario, is built for apartment and condo relocations across the Forest City. From student apartments near Western University to downtown condos and suburban complexes in Hyde Park or Masonville, we provide reliable service at an honest hourly rate.","London Small & Hourly Movers Near Me","(289) 800-2197","Ontario","london","6996593c621530eb2807bf8a","2026-02-19T00:28:44.305000","2026-02-19T00:51:14.264000","698695f1c74216ef773f0181","jordan@chasethevibe.ca","false"
"Cheap movers for condos and apartments in Toronto. Pay by the hour for efficient, reliable movers. Get a free quote!","Toronto","Downtown, North York, Etobicoke, Scarborough, York, East York, Leslieville, Liberty Village, Yorkville, The Annex","true","ON","Toronto Condo & Apartment Movers | Small Moves & Cheap Movers","Specializing in condo and apartment moves across Toronto's vibrant neighbourhoods. Our movers navigate the city's unique challenges — from tight downtown streets and loading docks to high-rise elevator bookings — ensuring a smooth transition for every tenant.","Small, Hourly & Cheap Movers in Toronto","(289) 800-2197","Ontario","toronto","6996593c621530eb2807bf85","2026-02-19T00:28:44.305000","2026-03-07T01:24:00.625000","698695f1c74216ef773f0181","jordan@chasethevibe.ca","false"
"Expert small and hourly movers for condos and apartments in Mississauga. Reliable, efficient, and affordable moving help for any size relocation. Get a quote!","Mississauga","Port Credit, Streetsville, Erin Mills, Square One, Cooksville, Clarkson, Lakeview, Meadowvale","true","ON","Mississauga Small Movers | Condo & Apartment Relocation","Moving within Mississauga? Our team specializes in apartment and condo moves, expertly navigating everything from Square One-area high-rises to Port Credit townhouses. We know the city's buildings and work within elevator booking windows to keep your move on schedule.","Small & Hourly Movers in Mississauga","(289) 800-2197","Ontario","mississauga","6996593c621530eb2807bf87","2026-02-19T00:28:44.305000","2026-02-19T00:50:42.670000","698695f1c74216ef773f0181","jordan@chasethevibe.ca","false"
"Professional small moving services for condos and apartments in Ottawa. Enjoy hourly rates and efficient moving help across the capital. Request your free quote today!","Ottawa","Centretown, The Glebe, ByWard Market, Kanata, Nepean, Orleans, Barrhaven, Westboro, Hintonburg","true","ON","Ottawa Condo & Apartment Movers  | Small Moves & Hourly Rates","Navigate your Ottawa apartment or condo move with confidence. Our experienced movers are familiar with the capital's unique building rules, elevator schedules, and parking restrictions — from the ByWard Market to Kanata — ensuring a stress-free relocation in any neighbourhood.","Small & Hourly Movers in Ottawa","(289) 800-2197","Ontario","ottawa","6996593c621530eb2807bf89","2026-02-19T00:28:44.305000","2026-02-19T00:51:00.927000","698695f1c74216ef773f0181","jordan@chasethevibe.ca","false"
"Affordable small movers in Campbell River, BC. Pay by the hour for apartment moves, furniture delivery, and small loads on Vancouver Island. Call (236) 506-5898.","Campbell River","Willow Point, Downtown, Campbellton, Quinsam Heights, Southgate, Gold River Road","true","BC","Small Movers in Campbell River, BC | Affordable Hourly Moving","Campbell River stretches along the Discovery Passage, and whether you're moving between apartments near Shoppers Row or relocating to a home in the Willow Point area, our small movers are here to help. We specialize in the smaller jobs that don't justify a full moving truck — fast, affordable, and local.","Small & Hourly Movers in Campbell River, BC","(236) 506-5898","British Columbia","campbell-river","69951cb202cbf108be033a66","2026-02-18T01:58:10.415000","2026-02-18T01:58:10.415000","698695f1c74216ef773f0181","jordan@chasethevibe.ca","false"
"Affordable small movers in Duncan, BC. Pay by the hour for apartment moves, furniture delivery, and small loads in the Cowichan Valley. Call (236) 506-5898.","Duncan","Chemainus, Cobble Hill, Cowichan Bay, Lake Cowichan, Mill Bay, Ladysmith","true","BC","Small Movers in Duncan, BC | Affordable Hourly Moving","Duncan sits at the heart of the Cowichan Valley, and whether you're moving into a cozy cottage in Chemainus or shifting furniture between homes in Cobble Hill, our small movers make the process simple. We handle apartment moves, single-item deliveries, and downsizes without the cost of a full moving truck — fast, local, and affordable.","Small & Hourly Movers in Duncan, BC","(236) 506-5898","British Columbia","duncan","69951cb202cbf108be033a63","2026-02-18T01:58:10.415000","2026-02-18T01:58:10.415000","698695f1c74216ef773f0181","jordan@chasethevibe.ca","false"
"Affordable small movers in Penticton, BC. Pay by the hour for apartment moves, furniture delivery, and small loads in the Okanagan. Call (236) 506-5898.","Penticton","Main Street, Channel Parkway, Wiltse, Carmi, Uplands, Skaha Lake","true","BC","Small Movers in Penticton, BC | Affordable Hourly Moving","Penticton sits between Okanagan and Skaha Lakes, and whether you're moving into a lakefront condo or a hillside home in the South Okanagan, our small movers make it easy. We handle apartment moves, single-room relocations, and furniture deliveries without charging you for a truck you don't need.","Small & Hourly Movers in Penticton, BC","(236) 506-5898","British Columbia","penticton","69951cb202cbf108be033a65","2026-02-18T01:58:10.415000","2026-02-18T01:58:10.415000","698695f1c74216ef773f0181","jordan@chasethevibe.ca","false"
"Affordable small movers in Port Moody, BC. Pay by the hour for condo moves, apartment relocations, and small loads. Call (236) 506-5898.","Port Moody","Moody Centre, Inlet Centre, College Park, Glenayre, Heritage Mountain, Pleasantside","true","BC","Small Movers in Port Moody, BC | Affordable Hourly Moving","Port Moody's mix of condos along Inlet Centre and older homes near Rocky Point means moving logistics vary a lot. Whether you're relocating within Moody Centre or moving into one of the newer developments along Murray Street, our hourly movers give you flexible, affordable help without the full-truck cost.","Small & Hourly Movers in Port Moody, BC","(236) 506-5898","British Columbia","port-moody","69951cb202cbf108be033a64","2026-02-18T01:58:10.415000","2026-02-18T01:58:10.415000","698695f1c74216ef773f0181","jordan@chasethevibe.ca","false"
"Affordable small movers in Lethbridge, AB. Hourly rates, flexible scheduling, and careful handling of your belongings.","Lethbridge","Downtown, University, London Road, West Lethbridge, Copperwood, Heritage Heights","true","AB","Lethbridge Small & Hourly Movers Near Me","Lethbridge moves require local knowledge of the city's unique layout and neighborhoods. Our small moving teams are ready to help with apartment moves, furniture delivery, and quick relocations across the Oldman River valley.","Lethbridge Small & Hourly Movers","(403) 578-2467","Alberta","lethbridge","698ebea2e8665fbabe963e47","2026-02-13T06:03:14.221000","2026-02-13T06:03:14.221000","698695f1c74216ef773f0181","jordan@chasethevibe.ca","false"
"Medicine Hat's small & hourly moving service. No truck minimums, affordable rates, same-day availability.","Medicine Hat","Downtown, Southlands, Crescent Heights, Riverside, West End, Ross Glen","true","AB","Small & Hourly Movers Near Me in Medicine Hat","Medicine Hat moves are straightforward with our local small moving crews. From downtown to Southlands and beyond, we handle furniture pickups, apartment relocations, and small deliveries with care and efficiency.","Small & Hourly Movers in Medicine Hat","(403) 578-2467","Alberta","medicine-hat","698ebea2e8665fbabe963e48","2026-02-13T06:03:14.221000","2026-02-13T06:03:14.221000","698695f1c74216ef773f0181","jordan@chasethevibe.ca","false"
"Affordable small & hourly moving services in Calgary, AB. Pay by the hour, no truck minimums. Book same-day moves today.","Calgary","Beltline, Kensington, Inglewood, Mission, Bridgeland, Marda Loop, Bowness, Forest Lawn","true","AB","Small & Hourly Movers Near Me in Calgary | Mini Moves","Calgary moves require navigating everything from downtown high-rises to suburban communities across the Bow River. Whether you're relocating within Beltline, Kensington, or out to Airdrie, our small moving crews handle furniture pickups, condo moves, and local deliveries with care and efficiency.","Small & Hourly Movers in Calgary for Mini Moves","(403) 578-2467","Alberta","calgary","698ebea2e8665fbabe963e44","2026-02-13T06:03:14.221000","2026-03-07T01:25:57.233000","698695f1c74216ef773f0181","jordan@chasethevibe.ca","false"
"Edmonton's trusted small moving service. Hourly rates, no hidden fees. Perfect for apartments, condos, and small loads.","Edmonton","Old Strathcona, Whyte Avenue, University, Downtown, Garneau, Bonnie Doon, Jasper Avenue, Oliver","true","AB","Edmonton Small & Hourly Movers Near Me","Edmonton moves span from Old Strathcona to the University area and beyond the North Saskatchewan River. Our small moving teams are perfect for apartment relocations, furniture pickups, and quick deliveries across the city's diverse neighborhoods.","Edmonton Small & Hourly Movers","(403) 578-2467","Alberta","edmonton","698ebea2e8665fbabe963e45","2026-02-13T06:03:14.221000","2026-02-13T06:03:14.221000","698695f1c74216ef773f0181","jordan@chasethevibe.ca","false"
"Red Deer small movers offering affordable hourly rates. No truck minimums, same-day service available.","Red Deer","Bower, Timberlands, Downtown, Vanier Woods, Oriole Park, Hunting Hills, Westpark","true","AB","Small & Hourly Movers Near Me in Red Deer","Red Deer moves are quick and straightforward, whether you're in Bower, Timberlands, or downtown. Our small crews handle everything from single-item furniture moves to small apartment relocations efficiently and affordably.","Small & Hourly Movers in Red Deer","(403) 578-2467","Alberta","red-deer","698ebea2e8665fbabe963e46","2026-02-13T06:03:14.221000","2026-02-13T06:03:14.221000","698695f1c74216ef773f0181","jordan@chasethevibe.ca","false"
"Airdrie small movers with hourly rates. No truck minimums, fast and affordable service for your move.","Airdrie","Bayside, Williamstown, Coopers Crossing, Kings Heights, Hillcrest, Ravenswood","true","AB","Small & Hourly Movers Near Me in Airdrie","Airdrie moves often connect to Calgary and surrounding areas. Our small moving teams handle everything from single furniture pieces to complete apartment relocations efficiently across the city's residential neighborhoods.","Small & Hourly Movers in Airdrie","(403) 578-2467","Alberta","airdrie","698ebea2e8665fbabe963e4a","2026-02-13T06:03:14.221000","2026-02-13T06:03:14.221000","698695f1c74216ef773f0181","jordan@chasethevibe.ca","false"
"St. Albert small & hourly movers. Affordable rates, flexible scheduling, and careful handling of your belongings.","St. Albert","Downtown, Lacombe Park, Erin Ridge, Deer Ridge, Heritage Lakes, Braeside","true","AB","Small & Hourly Movers Near Me in St. Albert","St. Albert moves often connect to Edmonton and surrounding communities. Our small moving teams are perfect for apartment moves, furniture pickups, and quick deliveries across this family-friendly city.","Small & Hourly Movers in St. Albert","(403) 578-2467","Alberta","st-albert","698ebea2e8665fbabe963e4c","2026-02-13T06:03:14.221000","2026-02-13T06:03:14.221000","698695f1c74216ef773f0181","jordan@chasethevibe.ca","false"
"Grande Prairie small moving services. Pay by the hour, no hidden fees. Perfect for condos and small loads.","Grande Prairie","Downtown, Westpointe, Crystal Ridge, Cobblestone, Hawk Hills, Patterson","true","AB","Grande Prairie Small & Hourly Movers Near Me","Grande Prairie moves require reliable service across the city's growing communities. Our small moving crews are perfect for apartment relocations, furniture delivery, and quick local moves throughout the area.","Grande Prairie Small & Hourly Movers","(403) 578-2467","Alberta","grande-prairie","698ebea2e8665fbabe963e49","2026-02-13T06:03:14.221000","2026-02-13T06:03:14.221000","698695f1c74216ef773f0181","jordan@chasethevibe.ca","false"
"Fort McMurray's trusted small moving service. Hourly rates, no minimums, perfect for apartments and condos.","Fort McMurray","Waterways, Timberlea, Thickwood Heights, Abasand, Beacon Hill, Eagle Ridge","true","AB","Fort McMurray Small & Hourly Movers Near Me","Fort McMurray moves require understanding of the city's unique layout and communities. Our small moving crews provide reliable service for apartment relocations, furniture delivery, and local moves throughout the area.","Fort McMurray Small & Hourly Movers","(403) 578-2467","Alberta","fort-mcmurray","698ebea2e8665fbabe963e4b","2026-02-13T06:03:14.221000","2026-02-13T06:03:14.221000","698695f1c74216ef773f0181","jordan@chasethevibe.ca","false"
"Affordable moving and delivery on Salt Spring Island and off-island to Victoria, Duncan, and Nanaimo. $85/hr per mover. Book your island move today.","Salt Spring Island","Ganges, Fulford Harbour, Vesuvius, Long Harbour, Beaver Point, Cusheon Lake","true","BC","Salt Spring Island Small Movers & Off-Island Delivery","Salt Spring Island moves require careful coordination—whether you're relocating within Ganges, moving between Fulford and Vesuvius, or need off-island delivery to Victoria, Duncan, or Nanaimo. Our movers handle BC Ferries logistics, tight timelines, and everything from studio apartments to furniture pickups, making island moves stress-free.","Small Movers & Off-Island Delivery on Salt Spring Island","1-800-MOVE-NOW","British Columbia","salt-spring-island","698bc7926a2a931cc9ed5830","2026-02-11T00:04:34.927000","2026-02-11T00:09:45.367000","698695f1c74216ef773f0181","jordan@chasethevibe.ca","false"
"Hire our small movers for those jobs the big moving companies want to much for. Same day service available!","Victoria","Downtown Victoria, James Bay, Oak Bay, Fernwood, Fairfield, Saanich, Esquimalt, Langford","true","BC","Victoria Small & Hourly Movers | $85/hr | Mini Moves","Victoria's compact downtown and island lifestyle mean small moves are common. From James Bay condos to Oak Bay homes, Fernwood to Saanich, our movers handle furniture pickups, apartment moves, and deliveries across the capital region—fast and affordable.","Small & Hourly Movers in Victoria for Mini Moves","","British Columbia","victoria","6986d5901f264491932665ec","2026-02-07T06:02:56.162000","2026-03-07T01:31:05.205000","698695f1c74216ef773f0181","jordan@chasethevibe.ca","false"
"Affordable small and hourly movers in Vancouver. $85/hr per mover. Perfect for condos, apartments, and small loads. Call us today.","Vancouver","Downtown, Yaletown, Kitsilano, West End, Commercial Drive, Mount Pleasant, Fairview, Strathcona","true","BC","Vancouver Small & Hourly Movers Near Me | $85/hr","Vancouver's high-rise condos and tight parking make small moves a challenge. Whether you're moving in Yaletown, Kitsilano, the West End, or Commercial Drive, our hourly movers navigate the city efficiently and affordably—no full-truck minimums required.","Small & Hourly Movers in Vancouver","","British Columbia","vancouver","6986d5901f264491932665eb","2026-02-07T06:02:56.162000","2026-02-11T00:09:17.713000","698695f1c74216ef773f0181","jordan@chasethevibe.ca","false"
"Affordable small and hourly movers in Chilliwack, BC. $85/hr per mover. Perfect for apartments, furniture, and small loads. Call us today.","Chilliwack","Sardis, Promontory, Rosedale, Yarrow, Vedder Crossing, Cultus Lake","true","BC","Chilliwack Small & Hourly Movers Near Me","Chilliwack's mix of rural properties and urban growth means people often need movers for smaller jobs. Whether you're in Sardis, moving to Promontory, or hauling something from Rosedale to Yarrow, our hourly movers make it affordable and stress-free.","Small & Hourly Movers in Chilliwack","","British Columbia","chilliwack","69869bbd2aed21d737de61fe","2026-02-07T01:56:13.562000","2026-02-11T00:09:30.338000","698695f1c74216ef773f0181","jordan@chasethevibe.ca","false"
"Small and hourly movers in Nanaimo, BC. $85/hr per mover. Ideal for condos, furniture pickups, and small loads. Book today.","Nanaimo","Old City Quarter, Departure Bay, South End, Harewood, North Nanaimo, Lantzville","true","BC","Nanaimo Small & Hourly Movers Near Me","Nanaimo's waterfront condos and island lifestyle mean people are always moving smaller loads, buying second-hand furniture, or downsizing. Whether you're in Old City Quarter, Departure Bay, or south end near the Parkway, our hourly movers get the job done fast and affordably.","Small & Hourly Movers in Nanaimo","","British Columbia","nanaimo","69869bbd2aed21d737de61ef","2026-02-07T01:56:13.562000","2026-02-11T00:09:29.631000","698695f1c74216ef773f0181","jordan@chasethevibe.ca","false"
"Hourly movers in Maple Ridge, BC. $85/hr per mover. Small moves, furniture hauling, and delivery. Affordable and reliable.","Maple Ridge","Albion, Haney, Silver Valley, Thornhill, Whonnock, Pitt Meadows","true","BC","Maple Ridge Small & Hourly Movers Near Me","Maple Ridge and Pitt Meadows residents often find that big movers charge way too much for small jobs. Whether you're moving within Albion, hauling a dresser from Haney, or heading across to Mission, our hourly movers offer a smarter, more affordable option.","Small & Hourly Movers in Maple Ridge","","British Columbia","maple-ridge","69869bbd2aed21d737de61f6","2026-02-07T01:56:13.562000","2026-02-11T00:09:36.023000","698695f1c74216ef773f0181","jordan@chasethevibe.ca","false"
"Affordable small and hourly movers in Port Coquitlam, BC. $85/hr per mover. Perfect for condos, furniture, and small loads. Book now.","Port Coquitlam","Downtown PoCo, Citadel Heights, Riverwood, Mary Hill, Lincoln Park","true","BC","Port Coquitlam Small & Hourly Movers Near Me","Port Coquitlam's suburban homes and growing condo market make it a perfect fit for our hourly moving service. Whether you're moving within PoCo, heading to neighboring Coquitlam, or picking up furniture from Pitt Meadows, we keep it simple and affordable.","Small & Hourly Movers in Port Coquitlam","","British Columbia","port-coquitlam","69869bbd2aed21d737de61fb","2026-02-07T01:56:13.562000","2026-02-11T00:09:40.187000","698695f1c74216ef773f0181","jordan@chasethevibe.ca","false"
"Affordable small and hourly movers in North Vancouver. $85/hr per mover. Call us today to book an appointment.","North Vancouver","Lower Lonsdale, Lynn Valley, Deep Cove, Edgemont, Upper Lonsdale, Norgate, Pemberton Heights","true","BC","North Vancouver Small & Hourly Movers Near Me","Whether you're moving a couch across North Vancouver or picking up furniture from downtown Vancouver, our movers handle small jobs quickly and affordably. From Lower Lonsdale condos to Lynn Valley homes, the steep hills and narrow streets are no problem for our experienced crew.","Small & Hourly Movers in North Vancouver","","British Columbia","north-vancouver","69869bbd2aed21d737de61f7","2026-02-07T01:56:13.562000","2026-02-11T00:09:37.995000","698695f1c74216ef773f0181","jordan@chasethevibe.ca","false"
"Affordable small and hourly movers in Burnaby, BC. $85/hr per mover. Perfect for condos, furniture, and small loads. Book now.","Burnaby","Metrotown, Brentwood, Lougheed, Edmonds, Burnaby Heights, Capitol Hill, Deer Lake","true","BC","Burnaby Small & Hourly Movers Near Me","Burnaby is packed with high-rises and condos that make small moves the norm. Whether you're moving within Metrotown, hauling items from Brentwood to Lougheed, or picking up furniture near Burnaby Lake, our hourly movers are faster and cheaper than the big guys.","Small & Hourly Movers in Burnaby","","British Columbia","burnaby","69869bbd2aed21d737de61f1","2026-02-07T01:56:13.562000","2026-02-11T00:09:19.847000","698695f1c74216ef773f0181","jordan@chasethevibe.ca","false"
"Affordable small and hourly movers in Kelowna. $85/hr per mover. Perfect for apartments, condos, and small loads. Call us today to book.","Kelowna","Downtown Kelowna, West Kelowna, Glenmore, Rutland, South Pandosy, Mission","true","BC","Kelowna Small & Hourly Movers Near Me | Cheap Movers $85/hr","Whether you're moving between downtown Kelowna and West Kelowna or picking up furniture from a lakeside condo, our movers handle small jobs quickly and affordably. We know the Okanagan traffic patterns and can navigate the hills and bridge crossings efficiently.","Small & Affordable Movers in Kelowna","","British Columbia","kelowna","69869bbd2aed21d737de61ee","2026-02-07T01:56:13.562000","2026-03-04T02:02:57.485000","698695f1c74216ef773f0181","jordan@chasethevibe.ca","false"
"Affordable small and hourly movers in Richmond, BC. $85/hr per mover. Perfect for condos, furniture, and small loads. Book now.","Richmond","Steveston, City Centre, Brighouse, Hamilton, Ironwood, Sea Island","true","BC","Richmond Small & Hourly Movers Near Me","Richmond's condo towers and townhomes are perfect for our small-move service. Whether you're in Steveston, moving within City Centre, or picking up furniture near the airport, our movers navigate Richmond's spread-out layout quickly and affordably.","Small & Hourly Movers in Richmond","","British Columbia","richmond","69869bbd2aed21d737de61f9","2026-02-07T01:56:13.562000","2026-02-11T00:09:22.518000","698695f1c74216ef773f0181","jordan@chasethevibe.ca","false"
"Affordable small and hourly movers in Delta, BC. $85/hr per mover. Perfect for condos, furniture, and small loads. Book now.","Delta","Ladner, Tsawwassen, North Delta, Sunbury, Annieville, Scottsdale","true","BC","Delta Small & Hourly Movers Near Me","Delta spans from Ladner to Tsawwassen to North Delta — and moving between them shouldn't cost a fortune. Whether you're picking up furniture from the ferry terminal, relocating a few items, or clearing a garage, our hourly movers get it done fast and affordably.","Small & Hourly Movers in Delta","","British Columbia","delta","69869bbd2aed21d737de61f5","2026-02-07T01:56:13.562000","2026-02-11T00:09:35.128000","698695f1c74216ef773f0181","jordan@chasethevibe.ca","false"
"Affordable small and hourly movers in New Westminster, BC. $85/hr per mover. Perfect for condos, furniture, and small loads. Book now.","New Westminster","Downtown New West, Sapperton, Quayside, Uptown, Queens Park, Brow of the Hill","true","BC","New Westminster Small & Hourly Movers Near Me","New West's historic downtown and waterfront high-rises mean lots of small moves and tight hallways. Whether you're in Sapperton, moving along the Quay, or heading up to Uptown, our hourly movers make it affordable and stress-free.","Small & Hourly Movers in New Westminster","","British Columbia","new-westminster","69869bbd2aed21d737de61fa","2026-02-07T01:56:13.562000","2026-02-11T00:09:37.150000","698695f1c74216ef773f0181","jordan@chasethevibe.ca","false"
"Affordable small and hourly movers in Langley, BC. $85/hr per mover. Perfect for apartments, furniture, and small loads. Call us today.","Langley","Willowbrook, Walnut Grove, Fort Langley, Willoughby, Brookswood, Murrayville","true","BC","Langley Small & Hourly Movers Near Me","Whether you're in Langley City or Township, Willowbrook or Walnut Grove, we handle the small jobs that the big movers don't want. Need to move a few items from Fort Langley to Willoughby? We'll do it in an hour for a fraction of the usual price.","Small & Hourly Movers in Langley","","British Columbia","langley","69869bbd2aed21d737de61f4","2026-02-07T01:56:13.562000","2026-02-11T00:09:27.998000","698695f1c74216ef773f0181","jordan@chasethevibe.ca","false"
"Hourly movers in White Rock, BC. $85/hr per mover. Small moves, furniture delivery, and condo relocations. Book today.","White Rock","East Beach, West Beach, Semiahmoo, Crescent Beach, Ocean Park","true","BC","White Rock Small & Hourly Movers Near Me","White Rock's beachside condos and retirement-friendly homes often need small-scale moving help. Whether you're downsizing near the pier, moving within East Beach, or picking up furniture from South Surrey, our hourly service is perfect for the job.","Small & Hourly Movers in White Rock","","British Columbia","white-rock","69869bbd2aed21d737de61fd","2026-02-07T01:56:13.562000","2026-02-11T00:09:44.121000","698695f1c74216ef773f0181","jordan@chasethevibe.ca","false"
"Affordable small and hourly movers in West Vancouver, BC. $85/hr per mover. Perfect for condos, furniture, and small loads. Book now.","West Vancouver","Dundarave, Ambleside, Caulfeild, Cypress, Horseshoe Bay, British Properties","true","BC","West Vancouver Small & Hourly Movers Near Me","West Vancouver's hillside homes and waterfront properties often need movers who can handle tight driveways and small loads. Whether you're moving within Dundarave, Ambleside, or up to Cypress, our hourly service keeps costs down without sacrificing care.","Small & Hourly Movers in West Vancouver","","British Columbia","west-vancouver","69869bbd2aed21d737de61f8","2026-02-07T01:56:13.562000","2026-02-11T00:09:42.699000","698695f1c74216ef773f0181","jordan@chasethevibe.ca","false"
"Affordable small and hourly movers in Abbotsford, BC. $85/hr per mover. Perfect for apartments, furniture, and small loads. Call us today.","Abbotsford","Clearbrook, Downtown Abbotsford, Aldergrove, Sumas Prairie, West Abbotsford, Matsqui","true","BC","Abbotsford Small & Hourly Movers Near Me","Abbotsford's mix of rural properties and growing urban core means there's always someone who needs a mover for just a few hours. Whether you're in Clearbrook, moving to the historic downtown, or hauling something from Mission to Aldergrove, we make it affordable.","Small & Hourly Movers in Abbotsford","","British Columbia","abbotsford","69869bbd2aed21d737de61f0","2026-02-07T01:56:13.562000","2026-02-11T00:09:25.330000","698695f1c74216ef773f0181","jordan@chasethevibe.ca","false"
"Affordable small and hourly movers in Pitt Meadows, BC. $85/hr per mover. Perfect for furniture, apartments, and small loads. Book now.","Pitt Meadows","Downtown Pitt Meadows, Harris Landing, South Meadows, Bonson","true","BC","Pitt Meadows Small & Hourly Movers Near Me","Pitt Meadows' tight-knit community and proximity to Maple Ridge make it ideal for our hourly moving service. Whether you're moving within town, heading to Port Coquitlam, or picking up furniture from a nearby seller, we keep it simple and affordable.","Small & Hourly Movers in Pitt Meadows","","British Columbia","pitt-meadows","69869bbd2aed21d737de61ff","2026-02-07T01:56:13.562000","2026-02-11T00:09:38.994000","698695f1c74216ef773f0181","jordan@chasethevibe.ca","false"
"Affordable small and hourly movers in Coquitlam, BC. $85/hr per mover. Perfect for condos, furniture, and small loads. Book now.","Coquitlam","Burke Mountain, Coquitlam Centre, Maillardville, Westwood Plateau, Austin Heights, Ranch Park","true","BC","Coquitlam Small & Hourly Movers Near Me","Coquitlam's growing condo scene and suburban homes mean there's always someone who just needs a mover for a couple hours. From Burke Mountain to Coquitlam Centre, Maillardville to Westwood Plateau — we move your stuff without the full-truck cost.","Small & Hourly Movers in Coquitlam","","British Columbia","coquitlam","69869bbd2aed21d737de61f3","2026-02-07T01:56:13.562000","2026-02-11T00:09:26.236000","698695f1c74216ef773f0181","jordan@chasethevibe.ca","false"
"Affordable small and hourly movers in Port Moody, BC. $85/hr per mover. Perfect for condos, furniture, and small loads. Book now.","Port Moody","Newport Village, Heritage Mountain, College Park, Moody Centre, Glenayre, Anmore","true","BC","Port Moody Small & Hourly Movers Near Me","Port Moody's vibrant waterfront and family-friendly neighborhoods often mean people are moving smaller loads or picking up furniture locally. Whether you're in Newport Village, moving within Heritage Mountain, or heading to Anmore, our hourly movers keep costs down.","Small & Hourly Movers in Port Moody","","British Columbia","port-moody","69869bbd2aed21d737de61fc","2026-02-07T01:56:13.562000","2026-02-11T00:09:41.627000","698695f1c74216ef773f0181","jordan@chasethevibe.ca","false"
"Affordable small and hourly movers in Surrey, BC. $85/hr per mover. Perfect for condos, furniture, and small loads. Book now.","Surrey","Guildford, Newton, Fleetwood, South Surrey, Whalley, Cloverdale, Panorama Ridge","true","BC","Surrey Small & Hourly Movers Near Me","Surrey is one of BC's largest cities, and moving across it can feel like a long haul. Whether you're in Guildford, Newton, Fleetwood, or South Surrey, our hourly movers handle small loads without the full-service price. Perfect for marketplace pickups and apartment moves.","Small & Hourly Movers in Surrey","","British Columbia","surrey","69869bbd2aed21d737de61f2","2026-02-07T01:56:13.562000","2026-02-11T00:09:23.735000","698695f1c74216ef773f0181","jordan@chasethevibe.ca","false"
"Affordable small and hourly movers in Courtenay, BC. $85/hr per mover. Perfect for apartments, furniture, and small loads. Call us today.","Courtenay","Downtown Courtenay, Crown Isle, Comox, Cumberland, Royston, Black Creek","true","BC","Courtenay Small & Hourly Movers Near Me","From downtown Courtenay to Comox and Cumberland, we help with small moves across the Comox Valley. Whether you're moving a couch or picking up furniture from local shops, our team provides affordable hourly service.","Small & Hourly Movers in Courtenay","","British Columbia","courtenay","698697cd326e9d602a2badde","2026-02-07T01:39:25.318000","2026-02-11T00:09:34.212000","698695f1c74216ef773f0181","jordan@chasethevibe.ca","false"
"Affordable small and hourly movers in Kamloops, BC. $85/hr per mover. Perfect for apartments, furniture, and small loads. Call us today.","Kamloops","Downtown Kamloops, North Shore, South Shore, Sahali, Brocklehurst, Aberdeen","true","BC","Kamloops Small & Hourly Movers Near Me","Whether you're moving across the North or South Shore or picking up items from stores downtown, our Kamloops movers handle small jobs quickly and affordably. We know the city layout and can navigate the bridges and hills efficiently.","Small & Hourly Movers in Kamloops","","British Columbia","kamloops","698697cd326e9d602a2badda","2026-02-07T01:39:25.318000","2026-02-11T00:09:31.134000","698695f1c74216ef773f0181","jordan@chasethevibe.ca","false"
"Affordable small and hourly movers in Vernon, BC. $85/hr per mover. Perfect for apartments, furniture, and small loads. Call us today.","Vernon","Downtown Vernon, Okanagan Landing, Silver Star, Predator Ridge, BX, Coldstream","true","BC","Vernon Small & Hourly Movers Near Me","Moving furniture between Vernon and the nearby lakes or picking up items from Okanagan stores? Our movers handle small jobs efficiently and know the routes around Kalamalka and Okanagan Lakes. We serve the entire North Okanagan area.","Small & Hourly Movers in Vernon","","British Columbia","vernon","698697cd326e9d602a2baddd","2026-02-07T01:39:25.318000","2026-02-11T00:09:32.111000","698695f1c74216ef773f0181","jordan@chasethevibe.ca","false"
"Affordable small and hourly movers in Prince George, BC. $85/hr per mover. Perfect for apartments, furniture, and small loads. Call today.","Prince George","Downtown Prince George, The Hart, College Heights, VLA, Heritage, Westwood","true","BC","Prince George Small & Hourly Movers Near Me","Whether you're moving between the Hart and College Heights or picking up furniture from downtown stores, our Prince George movers specialize in small jobs. We understand northern BC moving needs and offer flexible scheduling.","Small & Hourly Movers in Prince George","","British Columbia","prince-george","698697cd326e9d602a2baddc","2026-02-07T01:39:25.318000","2026-02-11T00:09:33.230000","698695f1c74216ef773f0181","jordan@chasethevibe.ca","false"
"Affordable small and hourly movers in Kamloops, BC. $85/hr per mover. Perfect for apartments, furniture, and small loads. Call us today.","Kamloops","Sahali, Aberdeen, North Shore, Brocklehurst, Valleyview, Westsyde, Juniper Ridge","true","BC","Kamloops Small & Hourly Movers Near Me","Moving within Kamloops doesn't have to cost a fortune. Whether you're relocating from Sahali to Aberdeen, picking up a couch from North Shore, or clearing out a TRU dorm, our hourly movers get the job done fast and at a fraction of the usual cost.","Small & Hourly Movers in Kamloops","","British Columbia","kamloops","698697c11a5bfa971bc514c8","2026-02-07T01:39:13.802000","2026-02-11T00:09:31.134000","698695f1c74216ef773f0181","jordan@chasethevibe.ca","false"
"Affordable small and hourly movers in Vernon, BC. $85/hr per mover. Perfect for apartments, furniture, and small loads. Call us today.","Vernon","Downtown Vernon, Coldstream, BX, Okanagan Landing, Bella Vista, Predator Ridge","true","BC","Vernon Small & Hourly Movers Near Me","Moving in Vernon and the North Okanagan shouldn't break the bank. From downtown condos to homes in Coldstream and BX, we handle small moves efficiently. Need to haul something from Kelowna to Vernon? We do that too — by the hour.","Small & Hourly Movers in Vernon","","British Columbia","vernon","698697c11a5bfa971bc514cb","2026-02-07T01:39:13.802000","2026-02-11T00:09:32.111000","698695f1c74216ef773f0181","jordan@chasethevibe.ca","false"
"Affordable small and hourly movers in Prince George, BC. $85/hr per mover. Perfect for apartments, furniture, and small loads. Call today.","Prince George","The Bowl, College Heights, Hart, Westgate, Spruceland, Crescents","true","BC","Prince George Small & Hourly Movers Near Me","Prince George residents deserve affordable moving options. Whether you're relocating within the Bowl, moving from College Heights to Hart, or need a piece of furniture hauled across town, our movers charge by the hour so you only pay for what you need.","Small & Hourly Movers in Prince George","","British Columbia","prince-george","698697c11a5bfa971bc514ca","2026-02-07T01:39:13.802000","2026-02-11T00:09:33.230000","698695f1c74216ef773f0181","jordan@chasethevibe.ca","false"
"Affordable small and hourly movers in Courtenay, BC. $85/hr per mover. Perfect for apartments, furniture, and small loads. Call us today.","Courtenay","Downtown Courtenay, Crown Isle, East Courtenay, Comox, Cumberland","true","BC","Courtenay Small & Hourly Movers Near Me","Serving the Comox Valley, our movers help with small jobs in Courtenay, Comox, and Cumberland. Whether it's a studio move, a furniture pickup, or helping a senior downsize, we're the affordable alternative to full-service movers on Vancouver Island.","Small & Hourly Movers in Courtenay","","British Columbia","courtenay","698697c11a5bfa971bc514cc","2026-02-07T01:39:13.802000","2026-02-11T00:09:34.212000","698695f1c74216ef773f0181","jordan@chasethevibe.ca","false"
"Affordable small & hourly movers in Winnipeg, MB. $85/hr for 1 mover, $140/hr for 2. No hidden fees, same-day available. Get a free quote today.",Winnipeg,"Osborne Village, St. Boniface, Wolseley, Exchange District, Transcona, St. Vital, Fort Garry, River Heights, Charleswood, St. James",true,MB,"Small & Hourly Movers in Winnipeg, MB | Small Movers Canada","From condos in Osborne Village to character homes in Wolseley, Winnipeg moves come in every shape — and not all of them need a full truck. Our hourly movers handle single-item pickups in the Exchange District, apartment moves in St. Boniface, and quick hauls out to Transcona or St. Vital. You pay for the time you need, not a flat full-house rate, and same-day help is often available.",Small & Hourly Movers in Winnipeg,431-441-8631,Manitoba,winnipeg,manual-winnipeg,2026-07-13T00:00:00.000000,2026-07-13T00:00:00.000000,,jordan@mmseo.ca,false
"Affordable small & hourly movers in Brandon, MB. $85/hr for 1 mover, $140/hr for 2. No hidden fees, same-day available. Get a free quote today.",Brandon,"Downtown Brandon, Brandon Hills, Green Acres, Riverheights, University Heights, The Meadows, East End, Waverly Heights",true,MB,"Small & Hourly Movers in Brandon, MB | Small Movers Canada","Whether you're moving a few rooms in Brandon Hills or a single couch across the Assiniboine, Brandon's small moves don't need a five-ton truck and a big crew. Our hourly movers take on apartment moves near the university, downtown pickups, and short hauls out to The Meadows or Riverheights for a fraction of the usual cost. Honest time estimates, no hidden fees, and same-day service when we can.",Small & Hourly Movers in Brandon,431-441-8631,Manitoba,brandon,manual-brandon,2026-07-13T00:00:00.000000,2026-07-13T00:00:00.000000,,jordan@mmseo.ca,false
